title,description,url
ISBN,International Standard Book Number,http://isbn.perpusnas.go.id/
OPAC,Online Public Access Catalog,http://opac.perpusnas.go.id/
IOS,Indonesia OneSearch by Perpusnas,https://onesearch.id/
K-OL,Keanggotaan Online Perpusnas,http://keanggotaan.perpusnas.go.id/
iPusnas,Perpustakaan Digital Bergerak,http://ipusnas.id/
E-RES,Koleksi Digital Berlanggan,http://e-resources.perpusnas.go.id/
BintangPusnas Edu,Perpustakaan Menjangkau Masyrakat,https://bintangpusnas.com/
Radio,Radio Perpusnas,https://radio-streaming.perpusnas.go.id/
ISMN,International Standard Music Number,http://ismn.perpusnas.go.id/
